DROP TABLE IF EXISTS transaction_spend;CREATE TABLE IF NOT EXISTS transaction_spend (`transactionId` INTEGER PRIMARY KEY AUTOINCREMENT NOT NULL, `transactionType` TEXT NOT NULL, `subCategoryId` INTEGER NOT NULL, `currencyId` TEXT NOT NULL, `transactionNominal` REAL NOT NULL, `transactionDate` INTEGER NOT NULL, `transactionNote` TEXT);DROP TABLE IF EXISTS currency;CREATE TABLE IF NOT EXISTS currency (`currencyId` TEXT NOT NULL, `currencyName` TEXT, `currencySymbol` TEXT, PRIMARY KEY(`currencyId`));DROP TABLE IF EXISTS category;CREATE TABLE IF NOT EXISTS category (`categoryId` INTEGER PRIMARY KEY AUTOINCREMENT NOT NULL, `categoryName` TEXT, `iconId` INTEGER NOT NULL);DROP TABLE IF EXISTS sub_category;CREATE TABLE IF NOT EXISTS sub_category (`subCategoryId` INTEGER PRIMARY KEY AUTOINCREMENT NOT NULL, `categoryId` INTEGER NOT NULL, `subCategoryName` TEXT, `iconId` INTEGER);DROP TABLE IF EXISTS category_icon;CREATE TABLE IF NOT EXISTS category_icon (`iconId` INTEGER PRIMARY KEY AUTOINCREMENT NOT NULL, `iconName` TEXT NOT NULL, `iconLocation` TEXT NOT NULL);CREATE TABLE IF NOT EXISTS room_master_table (id INTEGER PRIMARY KEY,identity_hash TEXT);INSERT OR REPLACE INTO room_master_table (id,identity_hash) VALUES(42, '153d9a293d72088eec89902f54c90a80');INSERT INTO currency (currencyId, currencyName, currencySymbol) VALUES ('AFN', 'Afghan Afghani', '؋');INSERT INTO currency (currencyId, currencyName, currencySymbol) VALUES ('ALL', 'Albanian Lek', 'L');INSERT INTO currency (currencyId, currencyName, currencySymbol) VALUES ('DZD', 'Algerian Dinar', 'دج');INSERT INTO currency (currencyId, currencyName, currencySymbol) VALUES ('AOA', 'Angolan Kwanza', 'Kz');INSERT INTO currency (currencyId, currencyName, currencySymbol) VALUES ('ARS', 'Argentine Peso', '$');INSERT INTO currency (currencyId, currencyName, currencySymbol) VALUES ('AMD', 'Armenian Dram', '֏');INSERT INTO currency (currencyId, currencyName, currencySymbol) VALUES ('AWG', 'Aruban Florin', 'ƒ');INSERT INTO currency (currencyId, currencyName, currencySymbol) VALUES ('AUD', 'Australian Dollar', '$');INSERT INTO currency (currencyId, currencyName, currencySymbol) VALUES ('AZN', 'Azerbaijani Manat', '₼');INSERT INTO currency (currencyId, currencyName, currencySymbol) VALUES ('BSD', 'Bahamian Dollar', '$');INSERT INTO currency (currencyId, currencyName, currencySymbol) VALUES ('BHD', 'Bahraini Dinar', '.د.ب');INSERT INTO currency (currencyId, currencyName, currencySymbol) VALUES ('BDT', 'Bangladeshi Taka', '৳');INSERT INTO currency (currencyId, currencyName, currencySymbol) VALUES ('BBD', 'Barbadian Dollar', '$');INSERT INTO currency (currencyId, currencyName, currencySymbol) VALUES ('BYR', 'Belarusian Ruble', 'Br');INSERT INTO currency (currencyId, currencyName, currencySymbol) VALUES ('BZD', 'Belize Dollar', 'BZ$');INSERT INTO currency (currencyId, currencyName, currencySymbol) VALUES ('BMD', 'Bermudan Dollar', '$');INSERT INTO currency (currencyId, currencyName, currencySymbol) VALUES ('BTN', 'Bhutanese Ngultrum', 'Nu.');INSERT INTO currency (currencyId, currencyName, currencySymbol) VALUES ('BTC', 'Bitcoin', '฿');INSERT INTO currency (currencyId, currencyName, currencySymbol) VALUES ('BOB', 'Bolivian Boliviano', '$b');INSERT INTO currency (currencyId, currencyName, currencySymbol) VALUES ('BAM', 'Bosnia-Herzegovina Convertible Mark', 'KM');INSERT INTO currency (currencyId, currencyName, currencySymbol) VALUES ('BWP', 'Botswanan Pula', 'P');INSERT INTO currency (currencyId, currencyName, currencySymbol) VALUES ('BRL', 'Brazilian Real', 'R$');INSERT INTO currency (currencyId, currencyName, currencySymbol) VALUES ('GBP', 'British Pound Sterling', '£');INSERT INTO currency (currencyId, currencyName, currencySymbol) VALUES ('BND', 'Brunei Dollar', '$');INSERT INTO currency (currencyId, currencyName, currencySymbol) VALUES ('BGN', 'Bulgarian Lev', 'лв');INSERT INTO currency (currencyId, currencyName, currencySymbol) VALUES ('BIF', 'Burundian Franc', 'FBu');INSERT INTO currency (currencyId, currencyName, currencySymbol) VALUES ('KHR', 'Cambodian Riel', '៛');INSERT INTO currency (currencyId, currencyName, currencySymbol) VALUES ('CAD', 'Canadian Dollar', '$');INSERT INTO currency (currencyId, currencyName, currencySymbol) VALUES ('CVE', 'Cape Verdean Escudo', '$');INSERT INTO currency (currencyId, currencyName, currencySymbol) VALUES ('KYD', 'Cayman Islands Dollar', '$');INSERT INTO currency (currencyId, currencyName, currencySymbol) VALUES ('XOF', 'CFA Franc BCEAO', 'CFA');INSERT INTO currency (currencyId, currencyName, currencySymbol) VALUES ('XAF', 'CFA Franc BEAC', 'FCFA');INSERT INTO currency (currencyId, currencyName, currencySymbol) VALUES ('XPF', 'CFP Franc', '₣');INSERT INTO currency (currencyId, currencyName, currencySymbol) VALUES ('CLP', 'Chilean Peso', '$');INSERT INTO currency (currencyId, currencyName, currencySymbol) VALUES ('CNY', 'Chinese Yuan', '¥');INSERT INTO currency (currencyId, currencyName, currencySymbol) VALUES ('COP', 'Colombian Peso', '$');INSERT INTO currency (currencyId, currencyName, currencySymbol) VALUES ('KMF', 'Comorian Franc', 'CF');INSERT INTO currency (currencyId, currencyName, currencySymbol) VALUES ('CDF', 'Congolese Franc', 'FC');INSERT INTO currency (currencyId, currencyName, currencySymbol) VALUES ('CRC', 'Costa Rican Colón', '₡');INSERT INTO currency (currencyId, currencyName, currencySymbol) VALUES ('HRK', 'Croatian Kuna', 'kn');INSERT INTO currency (currencyId, currencyName, currencySymbol) VALUES ('CUP', 'Cuban Peso', '₱');INSERT INTO currency (currencyId, currencyName, currencySymbol) VALUES ('CZK', 'Czech Republic Koruna', 'Kč');INSERT INTO currency (currencyId, currencyName, currencySymbol) VALUES ('DKK', 'Danish Krone', 'kr');INSERT INTO currency (currencyId, currencyName, currencySymbol) VALUES ('DJF', 'Djiboutian Franc', 'Fdj');INSERT INTO currency (currencyId, currencyName, currencySymbol) VALUES ('DOP', 'Dominican Peso', 'RD$');INSERT INTO currency (currencyId, currencyName, currencySymbol) VALUES ('XCD', 'East Caribbean Dollar', '$');INSERT INTO currency (currencyId, currencyName, currencySymbol) VALUES ('EGP', 'Egyptian Pound', '£');INSERT INTO currency (currencyId, currencyName, currencySymbol) VALUES ('ERN', 'Eritrean Nakfa', 'Nfk');INSERT INTO currency (currencyId, currencyName, currencySymbol) VALUES ('ETB', 'Ethiopian Birr', 'Br');INSERT INTO currency (currencyId, currencyName, currencySymbol) VALUES ('EUR', 'Euro', '€');INSERT INTO currency (currencyId, currencyName, currencySymbol) VALUES ('FKP', 'Falkland Islands Pound', '£');INSERT INTO currency (currencyId, currencyName, currencySymbol) VALUES ('FJD', 'Fijian Dollar', '$');INSERT INTO currency (currencyId, currencyName, currencySymbol) VALUES ('GMD', 'Gambian Dalasi', 'D');INSERT INTO currency (currencyId, currencyName, currencySymbol) VALUES ('GEL', 'Georgian Lari', '₾');INSERT INTO currency (currencyId, currencyName, currencySymbol) VALUES ('GHS', 'Ghanaian Cedi', 'GH₵');INSERT INTO currency (currencyId, currencyName, currencySymbol) VALUES ('GIP', 'Gibraltar Pound', '£');INSERT INTO currency (currencyId, currencyName, currencySymbol) VALUES ('GTQ', 'Guatemalan Quetzal', 'Q');INSERT INTO currency (currencyId, currencyName, currencySymbol) VALUES ('GNF', 'Guinean Franc', 'FG');INSERT INTO currency (currencyId, currencyName, currencySymbol) VALUES ('GYD', 'Guyanaese Dollar', '$');INSERT INTO currency (currencyId, currencyName, currencySymbol) VALUES ('HTG', 'Haitian Gourde', 'G');INSERT INTO currency (currencyId, currencyName, currencySymbol) VALUES ('HNL', 'Honduran Lempira', 'L');INSERT INTO currency (currencyId, currencyName, currencySymbol) VALUES ('HKD', 'Hong Kong Dollar', '$');INSERT INTO currency (currencyId, currencyName, currencySymbol) VALUES ('HUF', 'Hungarian Forint', 'Ft');INSERT INTO currency (currencyId, currencyName, currencySymbol) VALUES ('ISK', 'Icelandic Króna', 'kr');INSERT INTO currency (currencyId, currencyName, currencySymbol) VALUES ('INR', 'Indian Rupee', '₹');INSERT INTO currency (currencyId, currencyName, currencySymbol) VALUES ('IDR', 'Indonesian Rupiah', 'Rp');INSERT INTO currency (currencyId, currencyName, currencySymbol) VALUES ('IRR', 'Iranian Rial', '﷼');INSERT INTO currency (currencyId, currencyName, currencySymbol) VALUES ('IQD', 'Iraqi Dinar', 'ع.د');INSERT INTO currency (currencyId, currencyName, currencySymbol) VALUES ('ILS', 'Israeli New Sheqel', '₪');INSERT INTO currency (currencyId, currencyName, currencySymbol) VALUES ('JMD', 'Jamaican Dollar', 'J$');INSERT INTO currency (currencyId, currencyName, currencySymbol) VALUES ('JPY', 'Japanese Yen', '¥');INSERT INTO currency (currencyId, currencyName, currencySymbol) VALUES ('JOD', 'Jordanian Dinar', 'JD');INSERT INTO currency (currencyId, currencyName, currencySymbol) VALUES ('KZT', 'Kazakhstani Tenge', 'лв');INSERT INTO currency (currencyId, currencyName, currencySymbol) VALUES ('KES', 'Kenyan Shilling', 'KSh');INSERT INTO currency (currencyId, currencyName, currencySymbol) VALUES ('KWD', 'Kuwaiti Dinar', 'KD');INSERT INTO currency (currencyId, currencyName, currencySymbol) VALUES ('KGS', 'Kyrgystani Som', 'лв');INSERT INTO currency (currencyId, currencyName, currencySymbol) VALUES ('LAK', 'Laotian Kip', '₭');INSERT INTO currency (currencyId, currencyName, currencySymbol) VALUES ('LVL', 'Latvian Lats', 'Ls');INSERT INTO currency (currencyId, currencyName, currencySymbol) VALUES ('LBP', 'Lebanese Pound', '£');INSERT INTO currency (currencyId, currencyName, currencySymbol) VALUES ('LSL', 'Lesotho Loti', 'M');INSERT INTO currency (currencyId, currencyName, currencySymbol) VALUES ('LRD', 'Liberian Dollar', '$');INSERT INTO currency (currencyId, currencyName, currencySymbol) VALUES ('LYD', 'Libyan Dinar', 'LD');INSERT INTO currency (currencyId, currencyName, currencySymbol) VALUES ('LTL', 'Lithuanian Litas', 'Lt');INSERT INTO currency (currencyId, currencyName, currencySymbol) VALUES ('MOP', 'Macanese Pataca', 'MOP$');INSERT INTO currency (currencyId, currencyName, currencySymbol) VALUES ('MKD', 'Macedonian Denar', 'ден');INSERT INTO currency (currencyId, currencyName, currencySymbol) VALUES ('MGA', 'Malagasy Ariary', 'Ar');INSERT INTO currency (currencyId, currencyName, currencySymbol) VALUES ('MWK', 'Malawian Kwacha', 'MK');INSERT INTO currency (currencyId, currencyName, currencySymbol) VALUES ('MYR', 'Malaysian Ringgit', 'RM');INSERT INTO currency (currencyId, currencyName, currencySymbol) VALUES ('MVR', 'Maldivian Rufiyaa', 'Rf');INSERT INTO currency (currencyId, currencyName, currencySymbol) VALUES ('MRO', 'Mauritanian Ouguiya', 'UM');INSERT INTO currency (currencyId, currencyName, currencySymbol) VALUES ('MUR', 'Mauritian Rupee', '₨');INSERT INTO currency (currencyId, currencyName, currencySymbol) VALUES ('MXN', 'Mexican Peso', '$');INSERT INTO currency (currencyId, currencyName, currencySymbol) VALUES ('MDL', 'Moldovan Leu', 'lei');INSERT INTO currency (currencyId, currencyName, currencySymbol) VALUES ('MNT', 'Mongolian Tugrik', '₮');INSERT INTO currency (currencyId, currencyName, currencySymbol) VALUES ('MAD', 'Moroccan Dirham', 'MAD');INSERT INTO currency (currencyId, currencyName, currencySymbol) VALUES ('MZN', 'Mozambican Metical', 'MT');INSERT INTO currency (currencyId, currencyName, currencySymbol) VALUES ('MMK', 'Myanmar Kyat', 'K');INSERT INTO currency (currencyId, currencyName, currencySymbol) VALUES ('NAD', 'Namibian Dollar', '$');INSERT INTO currency (currencyId, currencyName, currencySymbol) VALUES ('NPR', 'Nepalese Rupee', '₨');INSERT INTO currency (currencyId, currencyName, currencySymbol) VALUES ('ANG', 'Netherlands Antillean Guilder', 'ƒ');INSERT INTO currency (currencyId, currencyName, currencySymbol) VALUES ('TWD', 'New Taiwan Dollar', 'NT$');INSERT INTO currency (currencyId, currencyName, currencySymbol) VALUES ('NZD', 'New Zealand Dollar', '$');INSERT INTO currency (currencyId, currencyName, currencySymbol) VALUES ('NIO', 'Nicaraguan Córdoba', 'C$');INSERT INTO currency (currencyId, currencyName, currencySymbol) VALUES ('NGN', 'Nigerian Naira', '₦');INSERT INTO currency (currencyId, currencyName, currencySymbol) VALUES ('KPW', 'North Korean Won', '₩');INSERT INTO currency (currencyId, currencyName, currencySymbol) VALUES ('NOK', 'Norwegian Krone', 'kr');INSERT INTO currency (currencyId, currencyName, currencySymbol) VALUES ('OMR', 'Omani Rial', '﷼');INSERT INTO currency (currencyId, currencyName, currencySymbol) VALUES ('PKR', 'Pakistani Rupee', '₨');INSERT INTO currency (currencyId, currencyName, currencySymbol) VALUES ('PAB', 'Panamanian Balboa', 'B/.');INSERT INTO currency (currencyId, currencyName, currencySymbol) VALUES ('PGK', 'Papua New Guinean Kina', 'K');INSERT INTO currency (currencyId, currencyName, currencySymbol) VALUES ('PYG', 'Paraguayan Guarani', 'Gs');INSERT INTO currency (currencyId, currencyName, currencySymbol) VALUES ('PEN', 'Peruvian Nuevo Sol', 'S/.');INSERT INTO currency (currencyId, currencyName, currencySymbol) VALUES ('PHP', 'Philippine Peso', '₱');INSERT INTO currency (currencyId, currencyName, currencySymbol) VALUES ('PLN', 'Polish Zloty', 'zł');INSERT INTO currency (currencyId, currencyName, currencySymbol) VALUES ('QAR', 'Qatari Rial', '﷼');INSERT INTO currency (currencyId, currencyName, currencySymbol) VALUES ('RON', 'Romanian Leu', 'lei');INSERT INTO currency (currencyId, currencyName, currencySymbol) VALUES ('RUB', 'Russian Ruble', '₽');INSERT INTO currency (currencyId, currencyName, currencySymbol) VALUES ('RWF', 'Rwandan Franc', 'R₣');INSERT INTO currency (currencyId, currencyName, currencySymbol) VALUES ('SHP', 'Saint Helena Pound', '£');INSERT INTO currency (currencyId, currencyName, currencySymbol) VALUES ('SVC', 'Salvadoran Colón', '$');INSERT INTO currency (currencyId, currencyName, currencySymbol) VALUES ('WST', 'Samoan Tala', 'WS$');INSERT INTO currency (currencyId, currencyName, currencySymbol) VALUES ('STD', 'São Tomé and Príncipe Dobra', 'Db');INSERT INTO currency (currencyId, currencyName, currencySymbol) VALUES ('SAR', 'Saudi Riyal', '﷼');INSERT INTO currency (currencyId, currencyName, currencySymbol) VALUES ('RSD', 'Serbian Dinar', 'Дин.');INSERT INTO currency (currencyId, currencyName, currencySymbol) VALUES ('SCR', 'Seychellois Rupee', '₨');INSERT INTO currency (currencyId, currencyName, currencySymbol) VALUES ('SLL', 'Sierra Leonean Leone', 'Le');INSERT INTO currency (currencyId, currencyName, currencySymbol) VALUES ('SGD', 'Singapore Dollar', '$');INSERT INTO currency (currencyId, currencyName, currencySymbol) VALUES ('SBD', 'Solomon Islands Dollar', '$');INSERT INTO currency (currencyId, currencyName, currencySymbol) VALUES ('SOS', 'Somali Shilling', 'S');INSERT INTO currency (currencyId, currencyName, currencySymbol) VALUES ('ZAR', 'South African Rand', 'R');INSERT INTO currency (currencyId, currencyName, currencySymbol) VALUES ('KRW', 'South Korean Won', '₩');INSERT INTO currency (currencyId, currencyName, currencySymbol) VALUES ('LKR', 'Sri Lankan Rupee', '₨');INSERT INTO currency (currencyId, currencyName, currencySymbol) VALUES ('SDG', 'Sudanese Pound', 'ج.س.');INSERT INTO currency (currencyId, currencyName, currencySymbol) VALUES ('SRD', 'Surinamese Dollar', '$');INSERT INTO currency (currencyId, currencyName, currencySymbol) VALUES ('SZL', 'Swazi Lilangeni', 'E');INSERT INTO currency (currencyId, currencyName, currencySymbol) VALUES ('SEK', 'Swedish Krona', 'kr');INSERT INTO currency (currencyId, currencyName, currencySymbol) VALUES ('CHF', 'Swiss Franc', 'CHF');INSERT INTO currency (currencyId, currencyName, currencySymbol) VALUES ('SYP', 'Syrian Pound', '£');INSERT INTO currency (currencyId, currencyName, currencySymbol) VALUES ('TJS', 'Tajikistani Somoni', 'SM');INSERT INTO currency (currencyId, currencyName, currencySymbol) VALUES ('TZS', 'Tanzanian Shilling', 'TSh');INSERT INTO currency (currencyId, currencyName, currencySymbol) VALUES ('THB', 'Thai Baht', '฿');INSERT INTO currency (currencyId, currencyName, currencySymbol) VALUES ('TOP', 'Tongan Pa`anga', 'T$');INSERT INTO currency (currencyId, currencyName, currencySymbol) VALUES ('TTD', 'Trinidad and Tobago Dollar', 'TT$');INSERT INTO currency (currencyId, currencyName, currencySymbol) VALUES ('TND', 'Tunisian Dinar', 'د.ت');INSERT INTO currency (currencyId, currencyName, currencySymbol) VALUES ('TRY', 'Turkish Lira', '₺');INSERT INTO currency (currencyId, currencyName, currencySymbol) VALUES ('TMT', 'Turkmenistani Manat', 'T');INSERT INTO currency (currencyId, currencyName, currencySymbol) VALUES ('UGX', 'Ugandan Shilling', 'USh');INSERT INTO currency (currencyId, currencyName, currencySymbol) VALUES ('UAH', 'Ukrainian Hryvnia', '₴');INSERT INTO currency (currencyId, currencyName, currencySymbol) VALUES ('UYU', 'Uruguayan Peso', '$U');INSERT INTO currency (currencyId, currencyName, currencySymbol) VALUES ('USD', 'US Dollar', '$');INSERT INTO currency (currencyId, currencyName, currencySymbol) VALUES ('UZS', 'Uzbekistan Som', 'лв');INSERT INTO currency (currencyId, currencyName, currencySymbol) VALUES ('VUV', 'Vanuatu Vatu', 'VT');INSERT INTO currency (currencyId, currencyName, currencySymbol) VALUES ('VEF', 'Venezuelan Bolívar', 'Bs');INSERT INTO currency (currencyId, currencyName, currencySymbol) VALUES ('VND', 'Vietnamese Dong', '₫');INSERT INTO currency (currencyId, currencyName, currencySymbol) VALUES ('YER', 'Yemeni Rial', '﷼');INSERT INTO category_icon (iconName, iconLocation) VALUES ('bag_icon', '');INSERT INTO category_icon (iconName, iconLocation) VALUES ('bag_icon', '');INSERT INTO category_icon (iconName, iconLocation) VALUES ('bag_icon', '');INSERT INTO category_icon (iconName, iconLocation) VALUES ('bag_icon', '');INSERT INTO category_icon (iconName, iconLocation) VALUES ('bag_icon', '');INSERT INTO category (categoryId, categoryName, iconId) VALUES (1, 'Food', 1);INSERT INTO category (categoryId, categoryName, iconId) VALUES (2, 'Transportation', 1);INSERT INTO category (categoryId, categoryName, iconId) VALUES (3, 'Shopping', 1);INSERT INTO category (categoryId, categoryName, iconId) VALUES (4, 'Entertainment', 1);INSERT INTO category (categoryId, categoryName, iconId) VALUES (5, 'Fitness', 1);INSERT INTO category (categoryId, categoryName, iconId) VALUES (6, 'Medical', 1);INSERT INTO category (categoryId, categoryName, iconId) VALUES (7, 'Family', 1);INSERT INTO category (categoryId, categoryName, iconId) VALUES (8, 'Furniture', 1);INSERT INTO category (categoryId, categoryName, iconId) VALUES (9, 'Electronics', 1);INSERT INTO category (categoryId, categoryName, iconId) VALUES (10, 'Education', 1);INSERT INTO category (categoryId, categoryName, iconId) VALUES (11, 'Personal', 1);INSERT INTO category (categoryId, categoryName, iconId) VALUES (12, 'Life', 1);INSERT INTO category (categoryId, categoryName, iconId) VALUES (13, 'Income', 1);INSERT INTO sub_category (categoryId, subCategoryName, iconId) VALUES (1, 'Foods', 1);INSERT INTO sub_category (categoryId, subCategoryName, iconId) VALUES (1, 'Bills', 1);INSERT INTO sub_category (categoryId, subCategoryName, iconId) VALUES (2, 'Transportation', 1);INSERT INTO sub_category (categoryId, subCategoryName, iconId) VALUES (7, 'Home', 1);INSERT INTO sub_category (categoryId, subCategoryName, iconId) VALUES (2, 'Car', 1);INSERT INTO sub_category (categoryId, subCategoryName, iconId) VALUES (4, 'Entertainment', 1);INSERT INTO sub_category (categoryId, subCategoryName, iconId) VALUES (3, 'Shopping', 1);INSERT INTO sub_category (categoryId, subCategoryName, iconId) VALUES (3, 'Clothing', 1);INSERT INTO sub_category (categoryId, subCategoryName, iconId) VALUES (6, 'Insurance', 1);INSERT INTO sub_category (categoryId, subCategoryName, iconId) VALUES (11, 'Tax', 1);INSERT INTO sub_category (categoryId, subCategoryName, iconId) VALUES (9, 'Telephone', 1);INSERT INTO sub_category (categoryId, subCategoryName, iconId) VALUES (6, 'Health', 1);INSERT INTO sub_category (categoryId, subCategoryName, iconId) VALUES (5, 'Sport', 1);INSERT INTO sub_category (categoryId, subCategoryName, iconId) VALUES (7, 'Baby', 1);INSERT INTO sub_category (categoryId, subCategoryName, iconId) VALUES (12, 'Pet', 1);INSERT INTO sub_category (categoryId, subCategoryName, iconId) VALUES (11, 'Beauty', 1);INSERT INTO sub_category (categoryId, subCategoryName, iconId) VALUES (9, 'Electronics', 1);INSERT INTO sub_category (categoryId, subCategoryName, iconId) VALUES (1, 'Vegetables', 1);INSERT INTO sub_category (categoryId, subCategoryName, iconId) VALUES (1, 'Snacks', 1);INSERT INTO sub_category (categoryId, subCategoryName, iconId) VALUES (11, 'Gift', 1);INSERT INTO sub_category (categoryId, subCategoryName, iconId) VALUES (12, 'Social', 1);INSERT INTO sub_category (categoryId, subCategoryName, iconId) VALUES (4, 'Travel', 1);INSERT INTO sub_category (categoryId, subCategoryName, iconId) VALUES (11, 'Education', 1);INSERT INTO sub_category (categoryId, subCategoryName, iconId) VALUES (1, 'Fruits', 1);INSERT INTO sub_category (categoryId, subCategoryName, iconId) VALUES (10, 'Book', 1);INSERT INTO sub_category (categoryId, subCategoryName, iconId) VALUES (11, 'Office', 1);INSERT INTO sub_category (categoryId, subCategoryName, iconId) VALUES (11, 'Others', 1);INSERT INTO sub_category (categoryId, subCategoryName, iconId) VALUES (13, 'Salary', 1);INSERT INTO sub_category (categoryId, subCategoryName, iconId) VALUES (13, 'Investments', 1);INSERT INTO transaction_spend (transactiontype, subCategoryId, currencyId, transactionNominal, transactionDate) VALUES ('EXPENSE', 1, 'IDR', 50000.0, '12/11/2020');INSERT INTO transaction_spend (transactiontype, subCategoryId, currencyId, transactionNominal, transactionDate) VALUES ('INCOME', 1, 'IDR', 60000.0, '12/11/2020');INSERT INTO transaction_spend (transactiontype, subCategoryId, currencyId, transactionNominal, transactionDate) VALUES ('EXPENSE', 1, 'IDR', 51200.0, '12/11/2020');INSERT INTO transaction_spend (transactiontype, subCategoryId, currencyId, transactionNominal, transactionDate) VALUES ('EXPENSE', 1, 'IDR', 533200.0, '12/11/2020');INSERT INTO transaction_spend (transactiontype, subCategoryId, currencyId, transactionNominal, transactionDate) VALUES ('EXPENSE', 1, 'IDR', 50660.0, '12/11/2020');INSERT INTO transaction_spend (transactiontype, subCategoryId, currencyId, transactionNominal, transactionDate) VALUES ('EXPENSE', 1, 'IDR', 78980.0, '12/11/2020');INSERT INTO transaction_spend (transactiontype, subCategoryId, currencyId, transactionNominal, transactionDate) VALUES ('EXPENSE', 1, 'IDR', 500230.0, '12/11/2020');INSERT INTO transaction_spend (transactiontype, subCategoryId, currencyId, transactionNominal, transactionDate) VALUES ('EXPENSE', 1, 'IDR', 3120.0, '12/11/2020');